id,famille,outil,version,priorite,statut,quarantaine,usage_mesure,source,mecanismes_a_qualifier,pile,motif
phpbb,forums,phpBB,3.3.19,1,historically-qualified,False,not-established,https://github.com/phpbb/phpbb/releases/tag/release-3.3.19,"password,csrf,session",PHP + SQL,"Régression récente; 3.3.18 exclue de la sélection, correctif de sécurité incomplet signalé par l’éditeur. Ancienne branche 3.2 à verrouiller séparément."
phpbb,forums,phpBB,3.3.17,1,catalogued,False,not-established,https://github.com/phpbb/phpbb/releases/tag/release-3.3.17,"password,csrf,session",PHP + SQL,"Régression récente; 3.3.18 exclue de la sélection, correctif de sécurité incomplet signalé par l’éditeur. Ancienne branche 3.2 à verrouiller séparément."
mybb,forums,MyBB,1.8.41,1,historically-qualified,False,not-established,../forums/README.md,"password,csrf,session",PHP + SQL,1.8.41 documentée dans le banc existant; 1.8.40 confirmée par la page officielle. Pas de statistique de diffusion par version obtenue.
mybb,forums,MyBB,1.8.40,1,catalogued,False,not-established,https://mybb.com/versions/1.8.40/,"password,csrf,session",PHP + SQL,1.8.41 documentée dans le banc existant; 1.8.40 confirmée par la page officielle. Pas de statistique de diffusion par version obtenue.
smf,forums,Simple Machines Forum,2.1.7,1,historically-qualified,False,not-established,https://github.com/SimpleMachines/SMF/releases/tag/v2.1.7,"password,csrf,session",PHP + SQL,"Échantillon du flux: branches distinctes, sinon patch ancien. Diffusion non établie."
smf,forums,Simple Machines Forum,2.1.2,1,catalogued,False,not-established,https://github.com/SimpleMachines/SMF/releases/tag/v2.1.2,"password,csrf,session",PHP + SQL,"Échantillon du flux: branches distinctes, sinon patch ancien. Diffusion non établie."
discourse,forums,Discourse,2026.9.0,1,catalogued,False,not-established,https://github.com/discourse/discourse/releases/tag/v2026.9.0,"password,email,totp,sso",Ruby + PostgreSQL + Redis,"Échantillon du flux: branches distinctes, sinon patch ancien. Diffusion non établie."
discourse,forums,Discourse,2026.8.1,1,catalogued,False,not-established,https://github.com/discourse/discourse/releases/tag/v2026.8.1,"password,email,totp,sso",Ruby + PostgreSQL + Redis,"Échantillon du flux: branches distinctes, sinon patch ancien. Diffusion non établie."
discourse,forums,Discourse,2026.7.3,1,catalogued,False,not-established,https://github.com/discourse/discourse/releases/tag/v2026.7.3,"password,email,totp,sso",Ruby + PostgreSQL + Redis,"Échantillon du flux: branches distinctes, sinon patch ancien. Diffusion non établie."
flarum,forums,Flarum,1.8.19,1,catalogued,False,not-established,https://github.com/flarum/flarum/releases/tag/v1.8.19,"password,email,spa",PHP + MySQL,Distribution actuelle repérée et publication antérieure officielle. Le cœur Flarum et le squelette flarum/flarum doivent être verrouillés ensemble.
flarum,forums,Flarum,1.8.12,1,catalogued,False,not-established,https://discuss.flarum.org/d/38617-january-patch-release-1812,"password,email,spa",PHP + MySQL,Distribution actuelle repérée et publication antérieure officielle. Le cœur Flarum et le squelette flarum/flarum doivent être verrouillés ensemble.
nodebb,forums,NodeBB,4.16.2,1,catalogued,False,not-established,https://github.com/NodeBB/NodeBB/releases/tag/v4.16.2,"password,email,spa",Node + Redis/PostgreSQL/MongoDB,"Échantillon du flux: branches distinctes, sinon patch ancien. Diffusion non établie."
nodebb,forums,NodeBB,4.15.2,1,catalogued,False,not-established,https://github.com/NodeBB/NodeBB/releases/tag/v4.15.2,"password,email,spa",Node + Redis/PostgreSQL/MongoDB,"Échantillon du flux: branches distinctes, sinon patch ancien. Diffusion non établie."
nodebb,forums,NodeBB,4.14.10,1,catalogued,False,not-established,https://github.com/NodeBB/NodeBB/releases/tag/v4.14.10,"password,email,spa",Node + Redis/PostgreSQL/MongoDB,"Échantillon du flux: branches distinctes, sinon patch ancien. Diffusion non établie."
vanilla,forums,Vanilla Forums,A_RESoudre,3,unresolved,False,not-established,https://github.com/vanilla/vanilla,"password,email,sso",PHP + MySQL,Flux officiel historique indisponible (404); disponibilité d’une distribution auto-hébergeable à réexaminer.
fluxbb,forums,FluxBB,1.5.11,3,catalogued,False,not-established,https://github.com/fluxbb/fluxbb/releases/tag/fluxbb-1.5.11,"password,csrf",PHP + SQL,"Échantillon du flux: branches distinctes, sinon patch ancien. Diffusion non établie."
fluxbb,forums,FluxBB,1.4.13,3,catalogued,False,not-established,https://github.com/fluxbb/fluxbb/releases/tag/fluxbb-1.4.13,"password,csrf",PHP + SQL,"Échantillon du flux: branches distinctes, sinon patch ancien. Diffusion non établie."
bbpress,forums,bbPress,2.6.11,2,catalogued,False,not-established,https://github.com/bbpress/bbPress/releases/tag/2.6.11,"password,email",WordPress extension,"Échantillon du flux: branches distinctes, sinon patch ancien. Diffusion non établie."
bbpress,forums,bbPress,2.6.2,2,catalogued,False,not-established,https://github.com/bbpress/bbPress/releases/tag/2.6.2,"password,email",WordPress extension,"Échantillon du flux: branches distinctes, sinon patch ancien. Diffusion non établie."
answer,forums,Apache Answer,2.0.3,2,catalogued,False,not-established,https://github.com/apache/answer/releases/tag/v2.0.3,"password,email,spa",Go + SQL,"Échantillon du flux: branches distinctes, sinon patch ancien. Diffusion non établie."
answer,forums,Apache Answer,2.0.0,2,catalogued,False,not-established,https://github.com/apache/answer/releases/tag/v2.0.0,"password,email,spa",Go + SQL,"Échantillon du flux: branches distinctes, sinon patch ancien. Diffusion non établie."
lemmy,forums,Lemmy,0.19.20,2,catalogued,False,not-established,https://github.com/LemmyNet/lemmy/releases/tag/0.19.20,"password,email,totp",Rust + PostgreSQL,"Échantillon du flux: branches distinctes, sinon patch ancien. Diffusion non établie."
lemmy,forums,Lemmy,0.19.19,2,catalogued,False,not-established,https://github.com/LemmyNet/lemmy/releases/tag/0.19.19,"password,email,totp",Rust + PostgreSQL,"Échantillon du flux: branches distinctes, sinon patch ancien. Diffusion non établie."
wordpress,cms,WordPress,7.1.3,1,historically-qualified,False,measured-sample,https://github.com/WordPress/WordPress/releases/tag/7.1.3,"password,email,session",PHP + MySQL,Branches présentes dans les statistiques publiques; ajouter 4.9 et 6.4–6.6 après verrouillage des archives si leur couverture reste utile.
wordpress,cms,WordPress,7.0.7,1,catalogued,False,measured-sample,https://github.com/WordPress/WordPress/releases/tag/7.0.7,"password,email,session",PHP + MySQL,Branches présentes dans les statistiques publiques; ajouter 4.9 et 6.4–6.6 après verrouillage des archives si leur couverture reste utile.
wordpress,cms,WordPress,6.9.10,1,catalogued,False,measured-sample,https://github.com/WordPress/WordPress/releases/tag/6.9.10,"password,email,session",PHP + MySQL,Branches présentes dans les statistiques publiques; ajouter 4.9 et 6.4–6.6 après verrouillage des archives si leur couverture reste utile.
wordpress,cms,WordPress,6.8.11,1,catalogued,False,measured-sample,https://github.com/WordPress/WordPress/releases/tag/6.8.11,"password,email,session",PHP + MySQL,Branches présentes dans les statistiques publiques; ajouter 4.9 et 6.4–6.6 après verrouillage des archives si leur couverture reste utile.
wordpress,cms,WordPress,6.7.10,1,catalogued,False,measured-sample,https://github.com/WordPress/WordPress/releases/tag/6.7.10,"password,email,session",PHP + MySQL,Branches présentes dans les statistiques publiques; ajouter 4.9 et 6.4–6.6 après verrouillage des archives si leur couverture reste utile.
joomla,cms,Joomla,6.1.4,1,historically-qualified,False,measured-sample,https://github.com/joomla/joomla-cms/releases/tag/6.1.4,"password,email,totp,webauthn",PHP + SQL,Diffusion observée des branches 3/4/5/6; 3 et 4 en quarantaine historique.
joomla,cms,Joomla,5.4.9,1,catalogued,False,measured-sample,https://github.com/joomla/joomla-cms/releases/tag/5.4.9,"password,email,totp,webauthn",PHP + SQL,Diffusion observée des branches 3/4/5/6; 3 et 4 en quarantaine historique.
joomla,cms,Joomla,4.4.14,1,catalogued,True,measured-sample,https://downloads.joomla.org/cms/joomla4/4-4-14,"password,email,totp,webauthn",PHP + SQL,Diffusion observée des branches 3/4/5/6; 3 et 4 en quarantaine historique.
joomla,cms,Joomla,3.10.12,1,catalogued,True,measured-sample,https://downloads.joomla.org/cms/joomla3/3-10-12,"password,email,totp,webauthn",PHP + SQL,Diffusion observée des branches 3/4/5/6; 3 et 4 en quarantaine historique.
drupal,cms,Drupal,11.4.8,1,historically-qualified,False,measured-sample,https://github.com/drupal/drupal/releases/tag/11.4.8,"password,email,reauth",PHP + SQL,Usage déclaré et rupture d’architecture; 7 et 9 en quarantaine historique.
drupal,cms,Drupal,11.3.18,1,catalogued,False,measured-sample,https://github.com/drupal/drupal/releases/tag/11.3.18,"password,email,reauth",PHP + SQL,Usage déclaré et rupture d’architecture; 7 et 9 en quarantaine historique.
drupal,cms,Drupal,10.6.18,1,catalogued,False,measured-sample,https://github.com/drupal/drupal/releases/tag/10.6.18,"password,email,reauth",PHP + SQL,Usage déclaré et rupture d’architecture; 7 et 9 en quarantaine historique.
drupal,cms,Drupal,9.5.11,1,catalogued,True,measured-sample,https://www.drupal.org/project/drupal/releases/9.5.11,"password,email,reauth",PHP + SQL,Usage déclaré et rupture d’architecture; 7 et 9 en quarantaine historique.
drupal,cms,Drupal,7.103,1,catalogued,True,measured-sample,https://www.drupal.org/project/drupal/releases/7.103,"password,email,reauth",PHP + SQL,Usage déclaré et rupture d’architecture; 7 et 9 en quarantaine historique.
typo3,cms,TYPO3,14.3.7,2,catalogued,False,not-established,https://github.com/TYPO3/typo3/releases/tag/v14.3.7,"password,email,totp",PHP + SQL,"Échantillon du flux: branches distinctes, sinon patch ancien. Diffusion non établie."
typo3,cms,TYPO3,13.4.35,2,catalogued,False,not-established,https://github.com/TYPO3/typo3/releases/tag/v13.4.35,"password,email,totp",PHP + SQL,"Échantillon du flux: branches distinctes, sinon patch ancien. Diffusion non établie."
ghost,cms,Ghost,6.69.0,1,catalogued,False,not-established,https://github.com/TryGhost/Ghost/releases/tag/v6.69.0,"password,email,magiclink",Node + MySQL,"Échantillon du flux: branches distinctes, sinon patch ancien. Diffusion non établie."
ghost,cms,Ghost,6.68.0,1,catalogued,False,not-established,https://github.com/TryGhost/Ghost/releases/tag/v6.68.0,"password,email,magiclink",Node + MySQL,"Échantillon du flux: branches distinctes, sinon patch ancien. Diffusion non établie."
ghost,cms,Ghost,6.67.0,1,catalogued,False,not-established,https://github.com/TryGhost/Ghost/releases/tag/v6.67.0,"password,email,magiclink",Node + MySQL,"Échantillon du flux: branches distinctes, sinon patch ancien. Diffusion non établie."
grav,cms,Grav,2.2.5,2,catalogued,False,not-established,https://github.com/getgrav/grav/releases/tag/2.2.5,"password,totp",PHP + flat files + Admin plugin,"Échantillon du flux: branches distinctes, sinon patch ancien. Diffusion non établie."
grav,cms,Grav,2.1.12,2,catalogued,False,not-established,https://github.com/getgrav/grav/releases/tag/2.1.12,"password,totp",PHP + flat files + Admin plugin,"Échantillon du flux: branches distinctes, sinon patch ancien. Diffusion non établie."
grav,cms,Grav,1.7.53.5,2,catalogued,False,not-established,https://github.com/getgrav/grav/releases/tag/1.7.53.5,"password,totp",PHP + flat files + Admin plugin,"Échantillon du flux: branches distinctes, sinon patch ancien. Diffusion non établie."
concrete,cms,Concrete CMS,9.5.5,2,catalogued,False,not-established,https://github.com/concretecms/concretecms/releases/tag/9.5.5,"password,email",PHP + MySQL,"Échantillon du flux: branches distinctes, sinon patch ancien. Diffusion non établie."
concrete,cms,Concrete CMS,9.4.8,2,catalogued,False,not-established,https://github.com/concretecms/concretecms/releases/tag/9.4.8,"password,email",PHP + MySQL,"Échantillon du flux: branches distinctes, sinon patch ancien. Diffusion non établie."
contao,cms,Contao,6.0.2,2,catalogued,False,not-established,https://github.com/contao/contao/releases/tag/6.0.2,"password,email,totp",PHP + MySQL,"Échantillon du flux: branches distinctes, sinon patch ancien. Diffusion non établie."
contao,cms,Contao,5.7.13,2,catalogued,False,not-established,https://github.com/contao/contao/releases/tag/5.7.13,"password,email,totp",PHP + MySQL,"Échantillon du flux: branches distinctes, sinon patch ancien. Diffusion non établie."
contao,cms,Contao,5.3.51,2,catalogued,False,not-established,https://github.com/contao/contao/releases/tag/5.3.51,"password,email,totp",PHP + MySQL,"Échantillon du flux: branches distinctes, sinon patch ancien. Diffusion non établie."
processwire,cms,ProcessWire,3.0.259,2,catalogued,False,not-established,https://github.com/processwire/processwire/releases/tag/3.0.259,"password,email",PHP + MySQL,"Échantillon du flux: branches distinctes, sinon patch ancien. Diffusion non établie."
processwire,cms,ProcessWire,3.0.210,2,catalogued,False,not-established,https://github.com/processwire/processwire/releases/tag/3.0.210,"password,email",PHP + MySQL,"Échantillon du flux: branches distinctes, sinon patch ancien. Diffusion non établie."
craft,cms,Craft CMS,5.11.5,2,catalogued,False,not-established,https://github.com/craftcms/cms/releases/tag/5.11.5,"password,email,totp",PHP + SQL; edition/license review,"Échantillon du flux: branches distinctes, sinon patch ancien. Diffusion non établie."
craft,cms,Craft CMS,4.18.9,2,catalogued,False,not-established,https://github.com/craftcms/cms/releases/tag/4.18.9,"password,email,totp",PHP + SQL; edition/license review,"Échantillon du flux: branches distinctes, sinon patch ancien. Diffusion non établie."
statamic,cms,Statamic,6.35.1,3,catalogued,False,not-established,https://github.com/statamic/cms/releases/tag/v6.35.1,"password,email",PHP; edition/license review,"Échantillon du flux: branches distinctes, sinon patch ancien. Diffusion non établie."
statamic,cms,Statamic,6.34.1,3,catalogued,False,not-established,https://github.com/statamic/cms/releases/tag/v6.34.1,"password,email",PHP; edition/license review,"Échantillon du flux: branches distinctes, sinon patch ancien. Diffusion non établie."
statamic,cms,Statamic,5.74.5,3,catalogued,False,not-established,https://github.com/statamic/cms/releases/tag/v5.74.5,"password,email",PHP; edition/license review,"Échantillon du flux: branches distinctes, sinon patch ancien. Diffusion non établie."
silverstripe,cms,Silverstripe CMS,6.2.11,2,catalogued,False,not-established,https://github.com/silverstripe/silverstripe-framework/releases/tag/6.2.11,"password,email",PHP + SQL,"Échantillon du flux: branches distinctes, sinon patch ancien. Diffusion non établie."
silverstripe,cms,Silverstripe CMS,6.2.4,2,catalogued,False,not-established,https://github.com/silverstripe/silverstripe-framework/releases/tag/6.2.4,"password,email",PHP + SQL,"Échantillon du flux: branches distinctes, sinon patch ancien. Diffusion non établie."
bolt,cms,Bolt CMS,6.1.8,3,catalogued,False,not-established,https://github.com/bolt/core/releases/tag/6.1.8,"password,email",PHP + SQL,"Échantillon du flux: branches distinctes, sinon patch ancien. Diffusion non établie."
bolt,cms,Bolt CMS,6.0.3,3,catalogued,False,not-established,https://github.com/bolt/core/releases/tag/6.0.3,"password,email",PHP + SQL,"Échantillon du flux: branches distinctes, sinon patch ancien. Diffusion non établie."
plone,cms,Plone,6.2.2,2,catalogued,False,not-established,https://github.com/plone/Products.CMFPlone/releases/tag/6.2.2,"password,email,sso",Python + ZODB,"Échantillon du flux: branches distinctes, sinon patch ancien. Diffusion non établie."
plone,cms,Plone,6.1.5,2,catalogued,False,not-established,https://github.com/plone/Products.CMFPlone/releases/tag/6.1.5,"password,email,sso",Python + ZODB,"Échantillon du flux: branches distinctes, sinon patch ancien. Diffusion non établie."
wagtail,cms,Wagtail,8.0,2,catalogued,False,not-established,https://github.com/wagtail/wagtail/releases/tag/v8.0,"password,email,admin",Python + SQL,"Échantillon du flux: branches distinctes, sinon patch ancien. Diffusion non établie."
wagtail,cms,Wagtail,7.4.3,2,catalogued,False,not-established,https://github.com/wagtail/wagtail/releases/tag/v7.4.3,"password,email,admin",Python + SQL,"Échantillon du flux: branches distinctes, sinon patch ancien. Diffusion non établie."
wagtail,cms,Wagtail,7.3.4,2,catalogued,False,not-established,https://github.com/wagtail/wagtail/releases/tag/v7.3.4,"password,email,admin",Python + SQL,"Échantillon du flux: branches distinctes, sinon patch ancien. Diffusion non établie."
strapi,cms,Strapi,5.57.0,1,catalogued,False,not-established,https://github.com/strapi/strapi/releases/tag/v5.57.0,"password,email,spa,admin",Node + SQL,"Échantillon du flux: branches distinctes, sinon patch ancien. Diffusion non établie."
strapi,cms,Strapi,5.56.0,1,catalogued,False,not-established,https://github.com/strapi/strapi/releases/tag/v5.56.0,"password,email,spa,admin",Node + SQL,"Échantillon du flux: branches distinctes, sinon patch ancien. Diffusion non établie."
strapi,cms,Strapi,5.55.1,1,catalogued,False,not-established,https://github.com/strapi/strapi/releases/tag/v5.55.1,"password,email,spa,admin",Node + SQL,"Échantillon du flux: branches distinctes, sinon patch ancien. Diffusion non établie."
directus,cms,Directus,12.5.0,1,catalogued,False,not-established,https://github.com/directus/directus/releases/tag/v12.5.0,"password,email,totp,sso",Node + SQL; license review,"Échantillon du flux: branches distinctes, sinon patch ancien. Diffusion non établie."
directus,cms,Directus,12.4.1,1,catalogued,False,not-established,https://github.com/directus/directus/releases/tag/v12.4.1,"password,email,totp,sso",Node + SQL; license review,"Échantillon du flux: branches distinctes, sinon patch ancien. Diffusion non établie."
directus,cms,Directus,12.3.1,1,catalogued,False,not-established,https://github.com/directus/directus/releases/tag/v12.3.1,"password,email,totp,sso",Node + SQL; license review,"Échantillon du flux: branches distinctes, sinon patch ancien. Diffusion non établie."
payload,cms,Payload,3.90.2,2,catalogued,False,not-established,https://github.com/payloadcms/payload/releases/tag/v3.90.2,"password,email,spa",Node + SQL/MongoDB,"Échantillon du flux: branches distinctes, sinon patch ancien. Diffusion non établie."
payload,cms,Payload,3.89.0,2,catalogued,False,not-established,https://github.com/payloadcms/payload/releases/tag/v3.89.0,"password,email,spa",Node + SQL/MongoDB,"Échantillon du flux: branches distinctes, sinon patch ancien. Diffusion non établie."
payload,cms,Payload,3.88.0,2,catalogued,False,not-established,https://github.com/payloadcms/payload/releases/tag/v3.88.0,"password,email,spa",Node + SQL/MongoDB,"Échantillon du flux: branches distinctes, sinon patch ancien. Diffusion non établie."
umbraco,cms,Umbraco,18.2.1,2,catalogued,False,not-established,https://github.com/umbraco/Umbraco-CMS/releases/tag/release-18.2.1,"password,email,admin",.NET + SQL,"Échantillon du flux: branches distinctes, sinon patch ancien. Diffusion non établie."
umbraco,cms,Umbraco,17.7.1,2,catalogued,False,not-established,https://github.com/umbraco/Umbraco-CMS/releases/tag/release-17.7.1,"password,email,admin",.NET + SQL,"Échantillon du flux: branches distinctes, sinon patch ancien. Diffusion non établie."
umbraco,cms,Umbraco,13.16.2,2,catalogued,False,not-established,https://github.com/umbraco/Umbraco-CMS/releases/tag/release-13.16.2,"password,email,admin",.NET + SQL,"Échantillon du flux: branches distinctes, sinon patch ancien. Diffusion non établie."
dnn,cms,DNN Platform,10.4.0,3,catalogued,False,not-established,https://github.com/dnnsoftware/Dnn.Platform/releases/tag/v10.4.0,"password,email,admin",Windows IIS + SQL Server,"Échantillon du flux: branches distinctes, sinon patch ancien. Diffusion non établie."
dnn,cms,DNN Platform,10.3.3,3,catalogued,False,not-established,https://github.com/dnnsoftware/Dnn.Platform/releases/tag/v10.3.3,"password,email,admin",Windows IIS + SQL Server,"Échantillon du flux: branches distinctes, sinon patch ancien. Diffusion non établie."
dnn,cms,DNN Platform,10.2.5,3,catalogued,False,not-established,https://github.com/dnnsoftware/Dnn.Platform/releases/tag/v10.2.5,"password,email,admin",Windows IIS + SQL Server,"Échantillon du flux: branches distinctes, sinon patch ancien. Diffusion non établie."
mediawiki,wiki,MediaWiki,1.46.2,1,catalogued,False,not-established,https://github.com/wikimedia/mediawiki/releases/tag/1.46.2,"password,email,reauth",PHP + SQL,"Branches distinctes, dont série LTS à vérifier dans le cycle éditeur avant installation."
mediawiki,wiki,MediaWiki,1.45.6,1,catalogued,False,not-established,https://github.com/wikimedia/mediawiki/releases/tag/1.45.6,"password,email,reauth",PHP + SQL,"Branches distinctes, dont série LTS à vérifier dans le cycle éditeur avant installation."
mediawiki,wiki,MediaWiki,1.43.11,1,catalogued,False,not-established,https://github.com/wikimedia/mediawiki/releases/tag/1.43.11,"password,email,reauth",PHP + SQL,"Branches distinctes, dont série LTS à vérifier dans le cycle éditeur avant installation."
dokuwiki,wiki,DokuWiki,2026-07-14c,1,catalogued,False,not-established,https://github.com/dokuwiki/dokuwiki/releases/tag/release-2026-07-14c,"password,email,csrf",PHP + flat files,"Échantillon du flux: branches distinctes, sinon patch ancien. Diffusion non établie."
dokuwiki,wiki,DokuWiki,2025-05-14b,1,catalogued,False,not-established,https://github.com/dokuwiki/dokuwiki/releases/tag/release-2025-05-14b,"password,email,csrf",PHP + flat files,"Échantillon du flux: branches distinctes, sinon patch ancien. Diffusion non établie."
dokuwiki,wiki,DokuWiki,2024-02-06b,1,catalogued,False,not-established,https://github.com/dokuwiki/dokuwiki/releases/tag/release-2024-02-06b,"password,email,csrf",PHP + flat files,"Échantillon du flux: branches distinctes, sinon patch ancien. Diffusion non établie."
bookstack,wiki,BookStack,26.09.1,1,catalogued,False,not-established,https://github.com/BookStackApp/BookStack/releases/tag/v26.09.1,"password,email,totp,sso",PHP + MySQL,"Échantillon du flux: branches distinctes, sinon patch ancien. Diffusion non établie."
bookstack,wiki,BookStack,26.05.5,1,catalogued,False,not-established,https://github.com/BookStackApp/BookStack/releases/tag/v26.05.5,"password,email,totp,sso",PHP + MySQL,"Échantillon du flux: branches distinctes, sinon patch ancien. Diffusion non établie."
bookstack,wiki,BookStack,26.03.5,1,catalogued,False,not-established,https://github.com/BookStackApp/BookStack/releases/tag/v26.03.5,"password,email,totp,sso",PHP + MySQL,"Échantillon du flux: branches distinctes, sinon patch ancien. Diffusion non établie."
wikijs,wiki,Wiki.js,2.5.315,2,catalogued,False,not-established,https://github.com/requarks/wiki/releases/tag/v2.5.315,"password,email,sso,spa",Node + SQL,"Échantillon du flux: branches distinctes, sinon patch ancien. Diffusion non établie."
xwiki,wiki,XWiki,18.8.0,2,catalogued,False,not-established,https://github.com/xwiki/xwiki-platform/releases/tag/xwiki-platform-18.8.0,"password,email,sso",Java + SQL,"Échantillon du flux: branches distinctes, sinon patch ancien. Diffusion non établie."
xwiki,wiki,XWiki,17.10.13,2,catalogued,False,not-established,https://github.com/xwiki/xwiki-platform/releases/tag/xwiki-platform-17.10.13,"password,email,sso",Java + SQL,"Échantillon du flux: branches distinctes, sinon patch ancien. Diffusion non établie."
xwiki,wiki,XWiki,16.10.19,2,catalogued,False,not-established,https://github.com/xwiki/xwiki-platform/releases/tag/xwiki-platform-16.10.19,"password,email,sso",Java + SQL,"Échantillon du flux: branches distinctes, sinon patch ancien. Diffusion non établie."
joplin,wiki,Joplin Server,3.7.2,2,catalogued,False,not-established,https://joplinapp.org/help/about/changelog/server/,"password,email",Node + PostgreSQL,"Versions du serveur confirmées par son changelog dédié; 3.6.1 introduit MFA, utile pour comparer avant/après. Ne pas utiliser les versions desktop du flux."
joplin,wiki,Joplin Server,3.6.1,2,catalogued,False,not-established,https://joplinapp.org/help/about/changelog/server/,"password,email",Node + PostgreSQL,"Versions du serveur confirmées par son changelog dédié; 3.6.1 introduit MFA, utile pour comparer avant/après. Ne pas utiliser les versions desktop du flux."
joplin,wiki,Joplin Server,3.5.2,2,catalogued,False,not-established,https://joplinapp.org/help/about/changelog/server/,"password,email",Node + PostgreSQL,"Versions du serveur confirmées par son changelog dédié; 3.6.1 introduit MFA, utile pour comparer avant/après. Ne pas utiliser les versions desktop du flux."
outline,wiki,Outline,1.10.1,2,catalogued,False,not-established,https://github.com/outline/outline/releases/tag/v1.10.1,"magiclink,sso",Node + PostgreSQL + Redis,"Échantillon du flux: branches distinctes, sinon patch ancien. Diffusion non établie."
outline,wiki,Outline,1.9.2,2,catalogued,False,not-established,https://github.com/outline/outline/releases/tag/v1.9.2,"magiclink,sso",Node + PostgreSQL + Redis,"Échantillon du flux: branches distinctes, sinon patch ancien. Diffusion non établie."
outline,wiki,Outline,1.8.1,2,catalogued,False,not-established,https://github.com/outline/outline/releases/tag/v1.8.1,"magiclink,sso",Node + PostgreSQL + Redis,"Échantillon du flux: branches distinctes, sinon patch ancien. Diffusion non établie."
prestashop,commerce,PrestaShop,9.2.0,1,catalogued,False,not-established,https://github.com/PrestaShop/PrestaShop/releases/tag/9.2.0,"password,email,customer-admin",PHP + MySQL,Branches distinctes; diffusion par version inconnue. Ajouter 1.7 après recherche d’usage et verrouillage.
prestashop,commerce,PrestaShop,9.1.5,1,catalogued,False,not-established,https://github.com/PrestaShop/PrestaShop/releases/tag/9.1.5,"password,email,customer-admin",PHP + MySQL,Branches distinctes; diffusion par version inconnue. Ajouter 1.7 après recherche d’usage et verrouillage.
prestashop,commerce,PrestaShop,8.2.8,1,catalogued,False,not-established,https://github.com/PrestaShop/PrestaShop/releases/tag/8.2.8,"password,email,customer-admin",PHP + MySQL,Branches distinctes; diffusion par version inconnue. Ajouter 1.7 après recherche d’usage et verrouillage.
woocommerce,commerce,WooCommerce,11.2.0,1,catalogued,False,not-established,https://github.com/woocommerce/woocommerce/releases/tag/11.2.0,"password,email,customer-admin",WordPress extension,"Échantillon du flux: branches distinctes, sinon patch ancien. Diffusion non établie."
woocommerce,commerce,WooCommerce,11.1.2,1,catalogued,False,not-established,https://github.com/woocommerce/woocommerce/releases/tag/11.1.2,"password,email,customer-admin",WordPress extension,"Échantillon du flux: branches distinctes, sinon patch ancien. Diffusion non établie."
magento,commerce,Magento Open Source,2.4.9,2,catalogued,False,not-established,https://github.com/magento/magento2/releases/tag/2.4.9,"password,email,totp,customer-admin",PHP + MySQL + search,"Branches de correctifs distinctes, pile PHP/base/recherche adaptée à chacune."
magento,commerce,Magento Open Source,2.4.8-p5,2,catalogued,False,not-established,https://github.com/magento/magento2/releases/tag/2.4.8-p5,"password,email,totp,customer-admin",PHP + MySQL + search,"Branches de correctifs distinctes, pile PHP/base/recherche adaptée à chacune."
magento,commerce,Magento Open Source,2.4.7-p10,2,catalogued,False,not-established,https://github.com/magento/magento2/releases/tag/2.4.7-p10,"password,email,totp,customer-admin",PHP + MySQL + search,"Branches de correctifs distinctes, pile PHP/base/recherche adaptée à chacune."
opencart,commerce,OpenCart,4.1.0.4,1,catalogued,False,not-established,https://github.com/opencart/opencart/releases/tag/4.1.0.4,"password,email,customer-admin",PHP + MySQL,"Échantillon du flux: branches distinctes, sinon patch ancien. Diffusion non établie."
opencart,commerce,OpenCart,3.0.5.1,1,catalogued,False,not-established,https://github.com/opencart/opencart/releases/tag/3.0.5.1,"password,email,customer-admin",PHP + MySQL,"Échantillon du flux: branches distinctes, sinon patch ancien. Diffusion non établie."
shopware,commerce,Shopware,6.7.15.1,2,catalogued,False,not-established,https://github.com/shopware/shopware/releases/tag/v6.7.15.1,"password,email,customer-admin",PHP + MySQL,"Échantillon du flux: branches distinctes, sinon patch ancien. Diffusion non établie."
shopware,commerce,Shopware,6.6.10.29,2,catalogued,False,not-established,https://github.com/shopware/shopware/releases/tag/v6.6.10.29,"password,email,customer-admin",PHP + MySQL,"Échantillon du flux: branches distinctes, sinon patch ancien. Diffusion non établie."
sylius,commerce,Sylius,2.3.0,2,catalogued,False,not-established,https://github.com/Sylius/Sylius/releases/tag/v2.3.0,"password,email,customer-admin",PHP + SQL,"Échantillon du flux: branches distinctes, sinon patch ancien. Diffusion non établie."
sylius,commerce,Sylius,2.2.10,2,catalogued,False,not-established,https://github.com/Sylius/Sylius/releases/tag/v2.2.10,"password,email,customer-admin",PHP + SQL,"Échantillon du flux: branches distinctes, sinon patch ancien. Diffusion non établie."
sylius,commerce,Sylius,1.14.20,2,catalogued,False,not-established,https://github.com/Sylius/Sylius/releases/tag/v1.14.20,"password,email,customer-admin",PHP + SQL,"Échantillon du flux: branches distinctes, sinon patch ancien. Diffusion non établie."
saleor,commerce,Saleor,3.23.40,2,catalogued,False,not-established,https://github.com/saleor/saleor/releases/tag/3.23.40,"password,email,api",Python + PostgreSQL + frontend,"Échantillon du flux: branches distinctes, sinon patch ancien. Diffusion non établie."
saleor,commerce,Saleor,3.22.73,2,catalogued,False,not-established,https://github.com/saleor/saleor/releases/tag/3.22.73,"password,email,api",Python + PostgreSQL + frontend,"Échantillon du flux: branches distinctes, sinon patch ancien. Diffusion non établie."
saleor,commerce,Saleor,3.21.71,2,catalogued,False,not-established,https://github.com/saleor/saleor/releases/tag/3.21.71,"password,email,api",Python + PostgreSQL + frontend,"Échantillon du flux: branches distinctes, sinon patch ancien. Diffusion non établie."
medusa,commerce,Medusa,2.21.2,2,catalogued,False,not-established,https://github.com/medusajs/medusa/releases/tag/v2.21.2,"password,email,api",Node + PostgreSQL + frontend,"Échantillon du flux: branches distinctes, sinon patch ancien. Diffusion non établie."
medusa,commerce,Medusa,2.20.1,2,catalogued,False,not-established,https://github.com/medusajs/medusa/releases/tag/v2.20.1,"password,email,api",Node + PostgreSQL + frontend,"Échantillon du flux: branches distinctes, sinon patch ancien. Diffusion non établie."
medusa,commerce,Medusa,2.19.0,2,catalogued,False,not-established,https://github.com/medusajs/medusa/releases/tag/v2.19.0,"password,email,api",Node + PostgreSQL + frontend,"Échantillon du flux: branches distinctes, sinon patch ancien. Diffusion non établie."
nopcommerce,commerce,nopCommerce,4.90.8,2,catalogued,False,not-established,https://github.com/nopSolutions/nopCommerce/releases/tag/release-4.90.8,"password,email,customer-admin",.NET + SQL,"Échantillon du flux: branches distinctes, sinon patch ancien. Diffusion non établie."
nopcommerce,commerce,nopCommerce,4.90.0,2,catalogued,False,not-established,https://github.com/nopSolutions/nopCommerce/releases/tag/release-4.90.0,"password,email,customer-admin",.NET + SQL,"Échantillon du flux: branches distinctes, sinon patch ancien. Diffusion non établie."
bagisto,commerce,Bagisto,2.5.0,2,catalogued,False,not-established,https://github.com/bagisto/bagisto/releases/tag/v2.5.0,"password,email,customer-admin",PHP + MySQL,"Échantillon du flux: branches distinctes, sinon patch ancien. Diffusion non établie."
bagisto,commerce,Bagisto,2.4.13,2,catalogued,False,not-established,https://github.com/bagisto/bagisto/releases/tag/v2.4.13,"password,email,customer-admin",PHP + MySQL,"Échantillon du flux: branches distinctes, sinon patch ancien. Diffusion non établie."
moodle,lms,Moodle,5.3.0,1,catalogued,False,measured-sample,https://github.com/moodle/moodle/releases/tag/v5.3.0,"password,email,expiry,sso",PHP + SQL,"4.5 et 5.2 dominent les inscriptions observées; conserver 5.0/5.1, surveiller 5.3. Ajouter 4.1 après verrouillage d’archive."
moodle,lms,Moodle,5.2.4,1,catalogued,False,measured-sample,https://github.com/moodle/moodle/releases/tag/v5.2.4,"password,email,expiry,sso",PHP + SQL,"4.5 et 5.2 dominent les inscriptions observées; conserver 5.0/5.1, surveiller 5.3. Ajouter 4.1 après verrouillage d’archive."
moodle,lms,Moodle,5.1.8,1,catalogued,False,measured-sample,https://github.com/moodle/moodle/releases/tag/v5.1.8,"password,email,expiry,sso",PHP + SQL,"4.5 et 5.2 dominent les inscriptions observées; conserver 5.0/5.1, surveiller 5.3. Ajouter 4.1 après verrouillage d’archive."
moodle,lms,Moodle,5.0.11,1,catalogued,False,measured-sample,https://github.com/moodle/moodle/releases/tag/v5.0.11,"password,email,expiry,sso",PHP + SQL,"4.5 et 5.2 dominent les inscriptions observées; conserver 5.0/5.1, surveiller 5.3. Ajouter 4.1 après verrouillage d’archive."
moodle,lms,Moodle,4.5.15,1,catalogued,False,measured-sample,https://github.com/moodle/moodle/releases/tag/v4.5.15,"password,email,expiry,sso",PHP + SQL,"4.5 et 5.2 dominent les inscriptions observées; conserver 5.0/5.1, surveiller 5.3. Ajouter 4.1 après verrouillage d’archive."
chamilo,lms,Chamilo,3.0.1,2,catalogued,False,not-established,https://github.com/chamilo/chamilo-lms/releases/tag/v3.0.1,"password,email,expiry",PHP + MySQL,"Échantillon du flux: branches distinctes, sinon patch ancien. Diffusion non établie."
chamilo,lms,Chamilo,2.0.3,2,catalogued,False,not-established,https://github.com/chamilo/chamilo-lms/releases/tag/v2.0.3,"password,email,expiry",PHP + MySQL,"Échantillon du flux: branches distinctes, sinon patch ancien. Diffusion non établie."
chamilo,lms,Chamilo,1.11.40,2,catalogued,False,not-established,https://github.com/chamilo/chamilo-lms/releases/tag/v1.11.40,"password,email,expiry",PHP + MySQL,"Échantillon du flux: branches distinctes, sinon patch ancien. Diffusion non établie."
openedx,lms,Open edX,Verawood.1,3,catalogued,False,not-established,https://docs.openedx.org/en/latest/community/release_notes/named_release_branches_and_tags.html,"password,email,sso",Python + multiple services,"Tags nommés exacts publiés: release/verawood.1, release/ulmo.4, release/teak.3. Les sections détaillées indiquent Ulmo et Teak hors support; une phrase introductive de la page demeure incohérente avec ces sections."
openedx,lms,Open edX,Ulmo.4,3,catalogued,True,not-established,https://docs.openedx.org/en/latest/community/release_notes/named_release_branches_and_tags.html,"password,email,sso",Python + multiple services,"Tags nommés exacts publiés: release/verawood.1, release/ulmo.4, release/teak.3. Les sections détaillées indiquent Ulmo et Teak hors support; une phrase introductive de la page demeure incohérente avec ces sections."
openedx,lms,Open edX,Teak.3,3,catalogued,True,not-established,https://docs.openedx.org/en/latest/community/release_notes/named_release_branches_and_tags.html,"password,email,sso",Python + multiple services,"Tags nommés exacts publiés: release/verawood.1, release/ulmo.4, release/teak.3. Les sections détaillées indiquent Ulmo et Teak hors support; une phrase introductive de la page demeure incohérente avec ces sections."
canvas,lms,Canvas LMS,A_RESoudre,3,unresolved,False,not-established,https://github.com/instructure/canvas-lms,"password,email,sso",Ruby + PostgreSQL + Redis,Flux avec tags de build release/date; sélectionner les distributions stables et leurs migrations avant verrouillage.
ilias,lms,ILIAS,11.5,2,catalogued,False,not-established,https://github.com/ILIAS-eLearning/ILIAS/releases/tag/v11.5,"password,email,expiry",PHP + MySQL,"Échantillon du flux: branches distinctes, sinon patch ancien. Diffusion non établie."
ilias,lms,ILIAS,10.12,2,catalogued,False,not-established,https://github.com/ILIAS-eLearning/ILIAS/releases/tag/v10.12,"password,email,expiry",PHP + MySQL,"Échantillon du flux: branches distinctes, sinon patch ancien. Diffusion non établie."
ilias,lms,ILIAS,9.24,2,catalogued,False,not-established,https://github.com/ILIAS-eLearning/ILIAS/releases/tag/v9.24,"password,email,expiry",PHP + MySQL,"Échantillon du flux: branches distinctes, sinon patch ancien. Diffusion non établie."
nextcloud,collaboration,Nextcloud,35.0.1,1,catalogued,False,not-established,https://github.com/nextcloud/server/releases/tag/v35.0.1,"password,email,totp,webauthn,app-password,sso",PHP + SQL,"Parcours de sécurité, sessions et mots de passe applicatifs; support de chaque branche à recontrôler."
nextcloud,collaboration,Nextcloud,34.0.4,1,catalogued,False,not-established,https://github.com/nextcloud/server/releases/tag/v34.0.4,"password,email,totp,webauthn,app-password,sso",PHP + SQL,"Parcours de sécurité, sessions et mots de passe applicatifs; support de chaque branche à recontrôler."
nextcloud,collaboration,Nextcloud,33.0.9,1,catalogued,False,not-established,https://github.com/nextcloud/server/releases/tag/v33.0.9,"password,email,totp,webauthn,app-password,sso",PHP + SQL,"Parcours de sécurité, sessions et mots de passe applicatifs; support de chaque branche à recontrôler."
nextcloud,collaboration,Nextcloud,32.0.15,1,catalogued,False,not-established,https://github.com/nextcloud/server/releases/tag/v32.0.15,"password,email,totp,webauthn,app-password,sso",PHP + SQL,"Parcours de sécurité, sessions et mots de passe applicatifs; support de chaque branche à recontrôler."
owncloud,collaboration,ownCloud Server,11.0.1,2,catalogued,False,not-established,https://github.com/owncloud/core/releases/tag/v11.0.1,"password,email,app-password,sso",PHP + SQL,"Échantillon du flux: branches distinctes, sinon patch ancien. Diffusion non établie."
owncloud,collaboration,ownCloud Server,10.16.6,2,catalogued,False,not-established,https://github.com/owncloud/core/releases/tag/v10.16.6,"password,email,app-password,sso",PHP + SQL,"Échantillon du flux: branches distinctes, sinon patch ancien. Diffusion non établie."
seafile,collaboration,Seafile,A_RESoudre,2,unresolved,False,not-established,https://github.com/haiwen/seafile,"password,email,totp",C/Python + SQL,Le dépôt seafile est un composant; verrouiller l’ensemble serveur et Seahub compatibles avant sélection.
pydio,collaboration,Pydio Cells,5.1.0,2,catalogued,False,not-established,https://github.com/pydio/cells/releases/tag/v5.1.0,"password,email,sso",Go + SQL,"Échantillon du flux: branches distinctes, sinon patch ancien. Diffusion non établie."
pydio,collaboration,Pydio Cells,5.0.3,2,catalogued,False,not-established,https://github.com/pydio/cells/releases/tag/v5.0.3,"password,email,sso",Go + SQL,"Échantillon du flux: branches distinctes, sinon patch ancien. Diffusion non établie."
pydio,collaboration,Pydio Cells,4.4.18,2,catalogued,False,not-established,https://github.com/pydio/cells/releases/tag/v4.4.18,"password,email,sso",Go + SQL,"Échantillon du flux: branches distinctes, sinon patch ancien. Diffusion non établie."
paperless,collaboration,Paperless-ngx,3.3.0,2,catalogued,False,not-established,https://github.com/paperless-ngx/paperless-ngx/releases/tag/v3.3.0,"password,email,totp,sso",Python + SQL + Redis,"Échantillon du flux: branches distinctes, sinon patch ancien. Diffusion non établie."
paperless,collaboration,Paperless-ngx,3.2.1,2,catalogued,False,not-established,https://github.com/paperless-ngx/paperless-ngx/releases/tag/v3.2.1,"password,email,totp,sso",Python + SQL + Redis,"Échantillon du flux: branches distinctes, sinon patch ancien. Diffusion non établie."
paperless,collaboration,Paperless-ngx,3.1.3,2,catalogued,False,not-established,https://github.com/paperless-ngx/paperless-ngx/releases/tag/v3.1.3,"password,email,totp,sso",Python + SQL + Redis,"Échantillon du flux: branches distinctes, sinon patch ancien. Diffusion non établie."
immich,collaboration,Immich,3.3.0,2,catalogued,False,not-established,https://github.com/immich-app/immich/releases/tag/v3.3.0,"password,sso,spa",Node + PostgreSQL + Redis + ML,"Échantillon du flux: branches distinctes, sinon patch ancien. Diffusion non établie."
immich,collaboration,Immich,3.2.4,2,catalogued,False,not-established,https://github.com/immich-app/immich/releases/tag/v3.2.4,"password,sso,spa",Node + PostgreSQL + Redis + ML,"Échantillon du flux: branches distinctes, sinon patch ancien. Diffusion non établie."
photoprism,collaboration,PhotoPrism,261007-65faaae5d,2,catalogued,False,not-established,https://github.com/photoprism/photoprism/releases/tag/261007-65faaae5d,"password,app-password",Go + SQL,"Échantillon du flux: branches distinctes, sinon patch ancien. Diffusion non établie."
photoprism,collaboration,PhotoPrism,260919-28c46a116,2,catalogued,False,not-established,https://github.com/photoprism/photoprism/releases/tag/260919-28c46a116,"password,app-password",Go + SQL,"Échantillon du flux: branches distinctes, sinon patch ancien. Diffusion non établie."
photoprism,collaboration,PhotoPrism,260523-0544f71c1,2,catalogued,False,not-established,https://github.com/photoprism/photoprism/releases/tag/260523-0544f71c1,"password,app-password",Go + SQL,"Échantillon du flux: branches distinctes, sinon patch ancien. Diffusion non établie."
jellyfin,collaboration,Jellyfin,12.2,2,catalogued,False,not-established,https://github.com/jellyfin/jellyfin/releases/tag/v12.2,"password,admin,session",.NET + SQLite,"Échantillon du flux: branches distinctes, sinon patch ancien. Diffusion non établie."
jellyfin,collaboration,Jellyfin,12.1,2,catalogued,False,not-established,https://github.com/jellyfin/jellyfin/releases/tag/v12.1,"password,admin,session",.NET + SQLite,"Échantillon du flux: branches distinctes, sinon patch ancien. Diffusion non établie."
jellyfin,collaboration,Jellyfin,12.0,2,catalogued,False,not-established,https://github.com/jellyfin/jellyfin/releases/tag/v12.0,"password,admin,session",.NET + SQLite,"Échantillon du flux: branches distinctes, sinon patch ancien. Diffusion non établie."
navidrome,collaboration,Navidrome,0.64.2,2,catalogued,False,not-established,https://github.com/navidrome/navidrome/releases/tag/v0.64.2,"password,admin,spa",Go + SQLite,"Échantillon du flux: branches distinctes, sinon patch ancien. Diffusion non établie."
navidrome,collaboration,Navidrome,0.63.2,2,catalogued,False,not-established,https://github.com/navidrome/navidrome/releases/tag/v0.63.2,"password,admin,spa",Go + SQLite,"Échantillon du flux: branches distinctes, sinon patch ancien. Diffusion non établie."
navidrome,collaboration,Navidrome,0.62.0,2,catalogued,False,not-established,https://github.com/navidrome/navidrome/releases/tag/v0.62.0,"password,admin,spa",Go + SQLite,"Échantillon du flux: branches distinctes, sinon patch ancien. Diffusion non établie."
mattermost,collaboration,Mattermost,11.11.1,1,catalogued,False,not-established,https://github.com/mattermost/mattermost/releases/tag/v11.11.1,"password,email,totp,sso",Go + PostgreSQL,"Échantillon du flux: branches distinctes, sinon patch ancien. Diffusion non établie."
mattermost,collaboration,Mattermost,11.10.2,1,catalogued,False,not-established,https://github.com/mattermost/mattermost/releases/tag/v11.10.2,"password,email,totp,sso",Go + PostgreSQL,"Échantillon du flux: branches distinctes, sinon patch ancien. Diffusion non établie."
mattermost,collaboration,Mattermost,10.11.24,1,catalogued,False,not-established,https://github.com/mattermost/mattermost/releases/tag/v10.11.24,"password,email,totp,sso",Go + PostgreSQL,"Échantillon du flux: branches distinctes, sinon patch ancien. Diffusion non établie."
rocketchat,collaboration,Rocket.Chat,8.9.0,2,catalogued,False,not-established,https://github.com/RocketChat/Rocket.Chat/releases/tag/8.9.0,"password,email,totp,sso",Node + MongoDB,"Échantillon du flux: branches distinctes, sinon patch ancien. Diffusion non établie."
rocketchat,collaboration,Rocket.Chat,8.8.1,2,catalogued,False,not-established,https://github.com/RocketChat/Rocket.Chat/releases/tag/8.8.1,"password,email,totp,sso",Node + MongoDB,"Échantillon du flux: branches distinctes, sinon patch ancien. Diffusion non établie."
zulip,collaboration,Zulip,12.3,2,catalogued,False,not-established,https://github.com/zulip/zulip/releases/tag/12.3,"password,email,totp,sso",Python + PostgreSQL + services,"Échantillon du flux: branches distinctes, sinon patch ancien. Diffusion non établie."
zulip,collaboration,Zulip,12.2,2,catalogued,False,not-established,https://github.com/zulip/zulip/releases/tag/12.2,"password,email,totp,sso",Python + PostgreSQL + services,"Échantillon du flux: branches distinctes, sinon patch ancien. Diffusion non établie."
zulip,collaboration,Zulip,11.6,2,catalogued,False,not-established,https://github.com/zulip/zulip/releases/tag/11.6,"password,email,totp,sso",Python + PostgreSQL + services,"Échantillon du flux: branches distinctes, sinon patch ancien. Diffusion non établie."
mastodon,collaboration,Mastodon,4.7.3,2,catalogued,False,not-established,https://github.com/mastodon/mastodon/releases/tag/v4.7.3,"password,email,totp,webauthn",Ruby + PostgreSQL + Redis,"Échantillon du flux: branches distinctes, sinon patch ancien. Diffusion non établie."
mastodon,collaboration,Mastodon,4.6.9,2,catalogued,False,not-established,https://github.com/mastodon/mastodon/releases/tag/v4.6.9,"password,email,totp,webauthn",Ruby + PostgreSQL + Redis,"Échantillon du flux: branches distinctes, sinon patch ancien. Diffusion non établie."
mastodon,collaboration,Mastodon,4.5.19,2,catalogued,False,not-established,https://github.com/mastodon/mastodon/releases/tag/v4.5.19,"password,email,totp,webauthn",Ruby + PostgreSQL + Redis,"Échantillon du flux: branches distinctes, sinon patch ancien. Diffusion non établie."
friendica,collaboration,Friendica,2026.05,3,catalogued,False,not-established,https://github.com/friendica/friendica/releases/tag/2026.05,"password,email",PHP + SQL,"Échantillon du flux: branches distinctes, sinon patch ancien. Diffusion non établie."
friendica,collaboration,Friendica,2024.12,3,catalogued,False,not-established,https://github.com/friendica/friendica/releases/tag/2024.12,"password,email",PHP + SQL,"Échantillon du flux: branches distinctes, sinon patch ancien. Diffusion non établie."
friendica,collaboration,Friendica,2023.12,3,catalogued,False,not-established,https://github.com/friendica/friendica/releases/tag/2023.12,"password,email",PHP + SQL,"Échantillon du flux: branches distinctes, sinon patch ancien. Diffusion non établie."
humhub,collaboration,HumHub,1.18.6,2,catalogued,False,not-established,https://github.com/humhub/humhub/releases/tag/v1.18.6,"password,email,sso",PHP + SQL,"Échantillon du flux: branches distinctes, sinon patch ancien. Diffusion non établie."
humhub,collaboration,HumHub,1.17.6,2,catalogued,False,not-established,https://github.com/humhub/humhub/releases/tag/v1.17.6,"password,email,sso",PHP + SQL,"Échantillon du flux: branches distinctes, sinon patch ancien. Diffusion non établie."
gitea,dev,Gitea,28.1.0,1,catalogued,False,not-established,https://github.com/go-gitea/gitea/releases/tag/v28.1.0,"password,email,totp,webauthn,token",Go + SQL,"Échantillon du flux: branches distinctes, sinon patch ancien. Diffusion non établie."
gitea,dev,Gitea,28.0.0,1,catalogued,False,not-established,https://github.com/go-gitea/gitea/releases/tag/v28.0.0,"password,email,totp,webauthn,token",Go + SQL,"Échantillon du flux: branches distinctes, sinon patch ancien. Diffusion non établie."
gitea,dev,Gitea,1.27.3,1,catalogued,False,not-established,https://github.com/go-gitea/gitea/releases/tag/v1.27.3,"password,email,totp,webauthn,token",Go + SQL,"Échantillon du flux: branches distinctes, sinon patch ancien. Diffusion non établie."
forgejo,dev,Forgejo,16.0.5,1,catalogued,False,not-established,https://forgejo.org/releases/,"password,email,totp,webauthn,token",Go + SQL,Version stable et LTS attestées par la page officielle de versions.
forgejo,dev,Forgejo,15.0.9,1,catalogued,False,not-established,https://forgejo.org/releases/,"password,email,totp,webauthn,token",Go + SQL,Version stable et LTS attestées par la page officielle de versions.
gitlab,dev,GitLab CE,19.4.1,2,catalogued,False,not-established,https://github.com/gitlabhq/gitlabhq/releases/tag/v19.4.1,"password,email,totp,webauthn,sso",Ruby + PostgreSQL + Redis + services,"Deux générations; lot lourd isolé, jamais connecté aux dépôts de production."
gitlab,dev,GitLab CE,19.3.3,2,catalogued,False,not-established,https://github.com/gitlabhq/gitlabhq/releases/tag/v19.3.3,"password,email,totp,webauthn,sso",Ruby + PostgreSQL + Redis + services,"Deux générations; lot lourd isolé, jamais connecté aux dépôts de production."
gitlab,dev,GitLab CE,18.11.12,2,catalogued,False,not-established,https://github.com/gitlabhq/gitlabhq/releases/tag/v18.11.12,"password,email,totp,webauthn,sso",Ruby + PostgreSQL + Redis + services,"Deux générations; lot lourd isolé, jamais connecté aux dépôts de production."
jenkins,dev,Jenkins,2.585,2,catalogued,False,not-established,https://github.com/jenkinsci/jenkins/releases/tag/jenkins-2.585,"password,token,sso",Java,Comparer génération hebdomadaire et publication avec correctif LTS; maintenance à confirmer avant déploiement.
jenkins,dev,Jenkins,2.580.1,2,catalogued,False,not-established,https://github.com/jenkinsci/jenkins/releases/tag/jenkins-2.580.1,"password,token,sso",Java,Comparer génération hebdomadaire et publication avec correctif LTS; maintenance à confirmer avant déploiement.
redmine,dev,Redmine,7.0.2,1,catalogued,False,not-established,https://github.com/redmine/redmine/releases/tag/7.0.2,"password,email,expiry",Ruby + SQL,"Échantillon du flux: branches distinctes, sinon patch ancien. Diffusion non établie."
redmine,dev,Redmine,6.1.5,1,catalogued,False,not-established,https://github.com/redmine/redmine/releases/tag/6.1.5,"password,email,expiry",Ruby + SQL,"Échantillon du flux: branches distinctes, sinon patch ancien. Diffusion non établie."
redmine,dev,Redmine,5.1.13,1,catalogued,False,not-established,https://github.com/redmine/redmine/releases/tag/5.1.13,"password,email,expiry",Ruby + SQL,"Échantillon du flux: branches distinctes, sinon patch ancien. Diffusion non établie."
openproject,dev,OpenProject,17.9.1,2,catalogued,False,not-established,https://github.com/opf/openproject/releases/tag/v17.9.1,"password,email,totp,sso",Ruby + PostgreSQL,"Échantillon du flux: branches distinctes, sinon patch ancien. Diffusion non établie."
openproject,dev,OpenProject,17.8.1,2,catalogued,False,not-established,https://github.com/opf/openproject/releases/tag/v17.8.1,"password,email,totp,sso",Ruby + PostgreSQL,"Échantillon du flux: branches distinctes, sinon patch ancien. Diffusion non établie."
openproject,dev,OpenProject,17.7.2,2,catalogued,False,not-established,https://github.com/opf/openproject/releases/tag/v17.7.2,"password,email,totp,sso",Ruby + PostgreSQL,"Échantillon du flux: branches distinctes, sinon patch ancien. Diffusion non établie."
taiga,dev,Taiga,6.10.2,2,catalogued,False,not-established,https://github.com/taigaio/taiga-back/releases/tag/6.10.2,"password,email,spa",Python + PostgreSQL + frontend,"Échantillon du flux: branches distinctes, sinon patch ancien. Diffusion non établie."
taiga,dev,Taiga,6.9.0,2,catalogued,False,not-established,https://github.com/taigaio/taiga-back/releases/tag/6.9.0,"password,email,spa",Python + PostgreSQL + frontend,"Échantillon du flux: branches distinctes, sinon patch ancien. Diffusion non établie."
taiga,dev,Taiga,6.8.3,2,catalogued,False,not-established,https://github.com/taigaio/taiga-back/releases/tag/6.8.3,"password,email,spa",Python + PostgreSQL + frontend,"Échantillon du flux: branches distinctes, sinon patch ancien. Diffusion non établie."
wekan,dev,Wekan,12.23,2,catalogued,False,not-established,https://github.com/wekan/wekan/releases/tag/v12.23,"password,email,sso",Node + MongoDB,"Échantillon du flux: branches distinctes, sinon patch ancien. Diffusion non établie."
wekan,dev,Wekan,12.22,2,catalogued,False,not-established,https://github.com/wekan/wekan/releases/tag/v12.22,"password,email,sso",Node + MongoDB,"Échantillon du flux: branches distinctes, sinon patch ancien. Diffusion non établie."
wekan,dev,Wekan,12.21,2,catalogued,False,not-established,https://github.com/wekan/wekan/releases/tag/v12.21,"password,email,sso",Node + MongoDB,"Échantillon du flux: branches distinctes, sinon patch ancien. Diffusion non établie."
kanboard,dev,Kanboard,1.2.54,1,catalogued,False,not-established,https://github.com/kanboard/kanboard/releases/tag/v1.2.54,"password,totp,sso",PHP + SQL,"Échantillon du flux: branches distinctes, sinon patch ancien. Diffusion non établie."
kanboard,dev,Kanboard,1.2.45,1,catalogued,False,not-established,https://github.com/kanboard/kanboard/releases/tag/v1.2.45,"password,totp,sso",PHP + SQL,"Échantillon du flux: branches distinctes, sinon patch ancien. Diffusion non établie."
vikunja,dev,Vikunja,2.7.0,2,catalogued,False,not-established,https://github.com/go-vikunja/vikunja/releases/tag/v2.7.0,"password,email,totp,sso",Go + SQL,"Échantillon du flux: branches distinctes, sinon patch ancien. Diffusion non établie."
vikunja,dev,Vikunja,2.6.0,2,catalogued,False,not-established,https://github.com/go-vikunja/vikunja/releases/tag/v2.6.0,"password,email,totp,sso",Go + SQL,"Échantillon du flux: branches distinctes, sinon patch ancien. Diffusion non établie."
vikunja,dev,Vikunja,2.5.0,2,catalogued,False,not-established,https://github.com/go-vikunja/vikunja/releases/tag/v2.5.0,"password,email,totp,sso",Go + SQL,"Échantillon du flux: branches distinctes, sinon patch ancien. Diffusion non établie."
plane,dev,Plane,1.4.2,2,catalogued,False,not-established,https://github.com/makeplane/plane/releases/tag/v1.4.2,"password,email,magiclink,sso",Python/Node + PostgreSQL + Redis,"Échantillon du flux: branches distinctes, sinon patch ancien. Diffusion non établie."
plane,dev,Plane,1.3.1,2,catalogued,False,not-established,https://github.com/makeplane/plane/releases/tag/v1.3.1,"password,email,magiclink,sso",Python/Node + PostgreSQL + Redis,"Échantillon du flux: branches distinctes, sinon patch ancien. Diffusion non établie."
gerrit,dev,Gerrit,3.14.4,3,catalogued,False,not-established,https://github.com/GerritCodeReview/gerrit/releases/tag/v3.14.4,"password,sso,token",Java,"Échantillon du flux: branches distinctes, sinon patch ancien. Diffusion non établie."
gerrit,dev,Gerrit,3.13.10,3,catalogued,False,not-established,https://github.com/GerritCodeReview/gerrit/releases/tag/v3.13.10,"password,sso,token",Java,"Échantillon du flux: branches distinctes, sinon patch ancien. Diffusion non établie."
gerrit,dev,Gerrit,3.12.11,3,catalogued,False,not-established,https://github.com/GerritCodeReview/gerrit/releases/tag/v3.12.11,"password,sso,token",Java,"Échantillon du flux: branches distinctes, sinon patch ancien. Diffusion non établie."
nexus,dev,Nexus Repository,3.96.4-01,3,catalogued,False,not-established,https://github.com/sonatype/nexus-public/releases/tag/release-3.96.4-01,"password,reauth,admin",Java + SQL; edition review,"Échantillon du flux: branches distinctes, sinon patch ancien. Diffusion non établie."
nexus,dev,Nexus Repository,3.95.4-01,3,catalogued,False,not-established,https://github.com/sonatype/nexus-public/releases/tag/release-3.95.4-01,"password,reauth,admin",Java + SQL; edition review,"Échantillon du flux: branches distinctes, sinon patch ancien. Diffusion non établie."
nexus,dev,Nexus Repository,3.94.2-01,3,catalogued,False,not-established,https://github.com/sonatype/nexus-public/releases/tag/release-3.94.2-01,"password,reauth,admin",Java + SQL; edition review,"Échantillon du flux: branches distinctes, sinon patch ancien. Diffusion non établie."
harbor,dev,Harbor,2.15.3,2,catalogued,False,not-established,https://github.com/goharbor/harbor/releases/tag/v2.15.3,"password,sso,token",Go + PostgreSQL + Redis,"Échantillon du flux: branches distinctes, sinon patch ancien. Diffusion non établie."
harbor,dev,Harbor,2.14.5,2,catalogued,False,not-established,https://github.com/goharbor/harbor/releases/tag/v2.14.5,"password,sso,token",Go + PostgreSQL + Redis,"Échantillon du flux: branches distinctes, sinon patch ancien. Diffusion non établie."
harbor,dev,Harbor,2.13.6,2,catalogued,False,not-established,https://github.com/goharbor/harbor/releases/tag/v2.13.6,"password,sso,token",Go + PostgreSQL + Redis,"Échantillon du flux: branches distinctes, sinon patch ancien. Diffusion non établie."
glpi,support,GLPI,12.0.0,1,catalogued,False,not-established,https://github.com/glpi-project/glpi/releases/tag/12.0.0,"password,email,sso",PHP + MySQL,"Échantillon du flux: branches distinctes, sinon patch ancien. Diffusion non établie."
glpi,support,GLPI,11.0.11,1,catalogued,False,not-established,https://github.com/glpi-project/glpi/releases/tag/11.0.11,"password,email,sso",PHP + MySQL,"Échantillon du flux: branches distinctes, sinon patch ancien. Diffusion non établie."
glpi,support,GLPI,10.0.28,1,catalogued,False,not-established,https://github.com/glpi-project/glpi/releases/tag/10.0.28,"password,email,sso",PHP + MySQL,"Échantillon du flux: branches distinctes, sinon patch ancien. Diffusion non établie."
zammad,support,Zammad,7.2.2,1,catalogued,False,not-established,https://github.com/zammad/zammad/releases/tag/7.2.2,"password,email,totp,sso",Ruby + PostgreSQL + search,"Échantillon du flux: branches distinctes, sinon patch ancien. Diffusion non établie."
zammad,support,Zammad,7.1.3,1,catalogued,False,not-established,https://github.com/zammad/zammad/releases/tag/7.1.3,"password,email,totp,sso",Ruby + PostgreSQL + search,"Échantillon du flux: branches distinctes, sinon patch ancien. Diffusion non établie."
zammad,support,Zammad,7.0.3,1,catalogued,False,not-established,https://github.com/zammad/zammad/releases/tag/7.0.3,"password,email,totp,sso",Ruby + PostgreSQL + search,"Échantillon du flux: branches distinctes, sinon patch ancien. Diffusion non établie."
osticket,support,osTicket,1.18.4,1,catalogued,False,not-established,https://github.com/osTicket/osTicket/releases/tag/v1.18.4,"password,email,customer-admin",PHP + MySQL,"Échantillon du flux: branches distinctes, sinon patch ancien. Diffusion non établie."
osticket,support,osTicket,1.17.8,1,catalogued,False,not-established,https://github.com/osTicket/osTicket/releases/tag/v1.17.8,"password,email,customer-admin",PHP + MySQL,"Échantillon du flux: branches distinctes, sinon patch ancien. Diffusion non établie."
freescout,support,FreeScout,1.8.245,2,catalogued,False,not-established,https://github.com/freescout-help-desk/freescout/releases/tag/1.8.245,"password,email",PHP + MySQL,"Échantillon du flux: branches distinctes, sinon patch ancien. Diffusion non établie."
freescout,support,FreeScout,1.8.236,2,catalogued,False,not-established,https://github.com/freescout-help-desk/freescout/releases/tag/1.8.236,"password,email",PHP + MySQL,"Échantillon du flux: branches distinctes, sinon patch ancien. Diffusion non établie."
helpy,support,Helpy,2.8.0,3,catalogued,False,not-established,https://github.com/helpyio/helpy/releases/tag/2.8.0,"password,email",Ruby + PostgreSQL,"Échantillon du flux: branches distinctes, sinon patch ancien. Diffusion non établie."
helpy,support,Helpy,2.7.0,3,catalogued,False,not-established,https://github.com/helpyio/helpy/releases/tag/2.7.0,"password,email",Ruby + PostgreSQL,"Échantillon du flux: branches distinctes, sinon patch ancien. Diffusion non établie."
helpy,support,Helpy,2.6.0,3,catalogued,False,not-established,https://github.com/helpyio/helpy/releases/tag/2.6.0,"password,email",Ruby + PostgreSQL,"Échantillon du flux: branches distinctes, sinon patch ancien. Diffusion non établie."
uvdesk,support,UVdesk,1.1.8,2,catalogued,False,not-established,https://github.com/uvdesk/community-skeleton/releases/tag/v1.1.8,"password,email",PHP + MySQL,"Échantillon du flux: branches distinctes, sinon patch ancien. Diffusion non établie."
uvdesk,support,UVdesk,1.0.18,2,catalogued,False,not-established,https://github.com/uvdesk/community-skeleton/releases/tag/v1.0.18,"password,email",PHP + MySQL,"Échantillon du flux: branches distinctes, sinon patch ancien. Diffusion non établie."
snipeit,support,Snipe-IT,8.8.0,1,catalogued,False,not-established,https://github.com/grokability/snipe-it/releases/tag/v8.8.0,"password,email,totp,sso",PHP + MySQL,"Échantillon du flux: branches distinctes, sinon patch ancien. Diffusion non établie."
snipeit,support,Snipe-IT,8.7.2,1,catalogued,False,not-established,https://github.com/grokability/snipe-it/releases/tag/v8.7.2,"password,email,totp,sso",PHP + MySQL,"Échantillon du flux: branches distinctes, sinon patch ancien. Diffusion non établie."
snipeit,support,Snipe-IT,8.6.3,1,catalogued,False,not-established,https://github.com/grokability/snipe-it/releases/tag/v8.6.3,"password,email,totp,sso",PHP + MySQL,"Échantillon du flux: branches distinctes, sinon patch ancien. Diffusion non établie."
dolibarr,business,Dolibarr,24.0.2,1,catalogued,False,not-established,https://github.com/Dolibarr/dolibarr/releases/tag/24.0.2,"password,email",PHP + SQL,"Échantillon du flux: branches distinctes, sinon patch ancien. Diffusion non établie."
dolibarr,business,Dolibarr,23.0.4,1,catalogued,False,not-established,https://github.com/Dolibarr/dolibarr/releases/tag/23.0.4,"password,email",PHP + SQL,"Échantillon du flux: branches distinctes, sinon patch ancien. Diffusion non établie."
dolibarr,business,Dolibarr,22.0.5,1,catalogued,False,not-established,https://github.com/Dolibarr/dolibarr/releases/tag/22.0.5,"password,email",PHP + SQL,"Échantillon du flux: branches distinctes, sinon patch ancien. Diffusion non établie."
odoo,business,Odoo Community,A_RESoudre,1,unresolved,False,not-established,https://github.com/odoo/odoo,"password,email,totp,sso",Python + PostgreSQL,"Branches 20/19/18 à examiner dans la documentation; épingler un commit/build Community, pas l’ancienne release addons trouvée dans le flux."
erpnext,business,ERPNext,16.50.0,2,catalogued,False,not-established,https://github.com/frappe/erpnext/releases/tag/v16.50.0,"password,email,totp,expiry",Python + MariaDB + Redis + Frappe,"Échantillon du flux: branches distinctes, sinon patch ancien. Diffusion non établie."
erpnext,business,ERPNext,16.49.0,2,catalogued,False,not-established,https://github.com/frappe/erpnext/releases/tag/v16.49.0,"password,email,totp,expiry",Python + MariaDB + Redis + Frappe,"Échantillon du flux: branches distinctes, sinon patch ancien. Diffusion non établie."
erpnext,business,ERPNext,15.122.0,2,catalogued,False,not-established,https://github.com/frappe/erpnext/releases/tag/v15.122.0,"password,email,totp,expiry",Python + MariaDB + Redis + Frappe,"Échantillon du flux: branches distinctes, sinon patch ancien. Diffusion non établie."
suitecrm,business,SuiteCRM,7.15.2,2,catalogued,False,not-established,https://github.com/SuiteCRM/SuiteCRM/releases/tag/v7.15.2,"password,email,expiry",PHP + MySQL,"Échantillon du flux: branches distinctes, sinon patch ancien. Diffusion non établie."
suitecrm,business,SuiteCRM,7.14.9,2,catalogued,False,not-established,https://github.com/SuiteCRM/SuiteCRM/releases/tag/v7.14.9,"password,email,expiry",PHP + MySQL,"Échantillon du flux: branches distinctes, sinon patch ancien. Diffusion non établie."
espocrm,business,EspoCRM,10.0.9,2,catalogued,False,not-established,https://github.com/espocrm/espocrm/releases/tag/10.0.9,"password,email,totp",PHP + MySQL,"Échantillon du flux: branches distinctes, sinon patch ancien. Diffusion non établie."
espocrm,business,EspoCRM,10.0.0,2,catalogued,False,not-established,https://github.com/espocrm/espocrm/releases/tag/10.0.0,"password,email,totp",PHP + MySQL,"Échantillon du flux: branches distinctes, sinon patch ancien. Diffusion non établie."
invoice-ninja,business,Invoice Ninja,5.13.44,2,catalogued,False,not-established,https://github.com/invoiceninja/invoiceninja/releases/tag/v5.13.44,"password,email,totp,customer-admin",PHP + MySQL; license review,"Échantillon du flux: branches distinctes, sinon patch ancien. Diffusion non établie."
invoice-ninja,business,Invoice Ninja,5.13.35,2,catalogued,False,not-established,https://github.com/invoiceninja/invoiceninja/releases/tag/v5.13.35,"password,email,totp,customer-admin",PHP + MySQL; license review,"Échantillon du flux: branches distinctes, sinon patch ancien. Diffusion non établie."
akaunting,business,Akaunting,3.2.4,2,catalogued,False,not-established,https://github.com/akaunting/akaunting/releases/tag/3.2.4,"password,email",PHP + MySQL; modules review,"Échantillon du flux: branches distinctes, sinon patch ancien. Diffusion non établie."
akaunting,business,Akaunting,3.1.21,2,catalogued,False,not-established,https://github.com/akaunting/akaunting/releases/tag/3.1.21,"password,email",PHP + MySQL; modules review,"Échantillon du flux: branches distinctes, sinon patch ancien. Diffusion non établie."
kimai,business,Kimai,2.69.0,2,catalogued,False,not-established,https://github.com/kimai/kimai/releases/tag/2.69.0,"password,email,totp,sso",PHP + SQL,"Échantillon du flux: branches distinctes, sinon patch ancien. Diffusion non établie."
kimai,business,Kimai,2.68.0,2,catalogued,False,not-established,https://github.com/kimai/kimai/releases/tag/2.68.0,"password,email,totp,sso",PHP + SQL,"Échantillon du flux: branches distinctes, sinon patch ancien. Diffusion non établie."
kimai,business,Kimai,2.67.0,2,catalogued,False,not-established,https://github.com/kimai/kimai/releases/tag/2.67.0,"password,email,totp,sso",PHP + SQL,"Échantillon du flux: branches distinctes, sinon patch ancien. Diffusion non établie."
mautic,business,Mautic,7.2.1,2,catalogued,False,not-established,https://github.com/mautic/mautic/releases/tag/7.2.1,"password,email,admin",PHP + MySQL,"Échantillon du flux: branches distinctes, sinon patch ancien. Diffusion non établie."
mautic,business,Mautic,6.0.9,2,catalogued,False,not-established,https://github.com/mautic/mautic/releases/tag/6.0.9,"password,email,admin",PHP + MySQL,"Échantillon du flux: branches distinctes, sinon patch ancien. Diffusion non établie."
mautic,business,Mautic,5.2.11,2,catalogued,False,not-established,https://github.com/mautic/mautic/releases/tag/5.2.11,"password,email,admin",PHP + MySQL,"Échantillon du flux: branches distinctes, sinon patch ancien. Diffusion non établie."
limesurvey,business,LimeSurvey,7.5.0+261001,2,catalogued,False,not-established,https://github.com/LimeSurvey/LimeSurvey/releases/tag/7.5.0%2B261001,"password,email",PHP + SQL,"Échantillon du flux: branches distinctes, sinon patch ancien. Diffusion non établie."
limesurvey,business,LimeSurvey,7.4.0+260928,2,catalogued,False,not-established,https://github.com/LimeSurvey/LimeSurvey/releases/tag/7.4.0%2B260928,"password,email",PHP + SQL,"Échantillon du flux: branches distinctes, sinon patch ancien. Diffusion non établie."
limesurvey,business,LimeSurvey,7.3.0+260922,2,catalogued,False,not-established,https://github.com/LimeSurvey/LimeSurvey/releases/tag/7.3.0%2B260922,"password,email",PHP + SQL,"Échantillon du flux: branches distinctes, sinon patch ancien. Diffusion non établie."
keycloak,identity,Keycloak,26.8.0,1,catalogued,False,not-established,https://github.com/keycloak/keycloak/releases/tag/26.8.0,"password,email,totp,webauthn,expiry,sso,recovery",Java + SQL,"Échantillon du flux: branches distinctes, sinon patch ancien. Diffusion non établie."
keycloak,identity,Keycloak,26.7.5,1,catalogued,False,not-established,https://github.com/keycloak/keycloak/releases/tag/26.7.5,"password,email,totp,webauthn,expiry,sso,recovery",Java + SQL,"Échantillon du flux: branches distinctes, sinon patch ancien. Diffusion non établie."
keycloak,identity,Keycloak,26.6.7,1,catalogued,False,not-established,https://github.com/keycloak/keycloak/releases/tag/26.6.7,"password,email,totp,webauthn,expiry,sso,recovery",Java + SQL,"Échantillon du flux: branches distinctes, sinon patch ancien. Diffusion non établie."
authentik,identity,authentik,2026.8.3,1,catalogued,False,not-established,https://github.com/goauthentik/authentik/releases/tag/version%2F2026.8.3,"password,email,totp,webauthn,sso,recovery",Python + PostgreSQL + worker,"Échantillon du flux: branches distinctes, sinon patch ancien. Diffusion non établie."
authentik,identity,authentik,2026.5.7,1,catalogued,False,not-established,https://github.com/goauthentik/authentik/releases/tag/version%2F2026.5.7,"password,email,totp,webauthn,sso,recovery",Python + PostgreSQL + worker,"Échantillon du flux: branches distinctes, sinon patch ancien. Diffusion non établie."
authentik,identity,authentik,2026.2.7,1,catalogued,False,not-established,https://github.com/goauthentik/authentik/releases/tag/version%2F2026.2.7,"password,email,totp,webauthn,sso,recovery",Python + PostgreSQL + worker,"Échantillon du flux: branches distinctes, sinon patch ancien. Diffusion non établie."
authelia,identity,Authelia,4.39.28,1,catalogued,False,not-established,https://github.com/authelia/authelia/releases/tag/v4.39.28,"password,email,totp,webauthn,sso",Go + SQL/LDAP,"Échantillon du flux: branches distinctes, sinon patch ancien. Diffusion non établie."
authelia,identity,Authelia,4.39.19,1,catalogued,False,not-established,https://github.com/authelia/authelia/releases/tag/v4.39.19,"password,email,totp,webauthn,sso",Go + SQL/LDAP,"Échantillon du flux: branches distinctes, sinon patch ancien. Diffusion non établie."
zitadel,identity,ZITADEL,4.19.4,2,catalogued,False,not-established,https://github.com/zitadel/zitadel/releases/tag/v4.19.4,"password,email,totp,webauthn,sso",Go + PostgreSQL,"Échantillon du flux: branches distinctes, sinon patch ancien. Diffusion non établie."
zitadel,identity,ZITADEL,4.18.0,2,catalogued,False,not-established,https://github.com/zitadel/zitadel/releases/tag/v4.18.0,"password,email,totp,webauthn,sso",Go + PostgreSQL,"Échantillon du flux: branches distinctes, sinon patch ancien. Diffusion non établie."
zitadel,identity,ZITADEL,3.4.15,2,catalogued,False,not-established,https://github.com/zitadel/zitadel/releases/tag/v3.4.15,"password,email,totp,webauthn,sso",Go + PostgreSQL,"Échantillon du flux: branches distinctes, sinon patch ancien. Diffusion non établie."
kanidm,identity,Kanidm,1.11.2,2,catalogued,False,not-established,https://github.com/kanidm/kanidm/releases/tag/v1.11.2,"password,webauthn,sso,recovery",Rust,"Échantillon du flux: branches distinctes, sinon patch ancien. Diffusion non établie."
kanidm,identity,Kanidm,1.10.5,2,catalogued,False,not-established,https://github.com/kanidm/kanidm/releases/tag/v1.10.5,"password,webauthn,sso,recovery",Rust,"Échantillon du flux: branches distinctes, sinon patch ancien. Diffusion non établie."
kanidm,identity,Kanidm,1.9.4,2,catalogued,False,not-established,https://github.com/kanidm/kanidm/releases/tag/v1.9.4,"password,webauthn,sso,recovery",Rust,"Échantillon du flux: branches distinctes, sinon patch ancien. Diffusion non établie."
cas,identity,Apereo CAS,8.0.2,2,catalogued,False,not-established,https://github.com/apereo/cas/releases/tag/v8.0.2,"password,sso,totp,webauthn",Java + backend,"Échantillon du flux: branches distinctes, sinon patch ancien. Diffusion non établie."
cas,identity,Apereo CAS,7.3.8.3,2,catalogued,False,not-established,https://github.com/apereo/cas/releases/tag/v7.3.8.3,"password,sso,totp,webauthn",Java + backend,"Échantillon du flux: branches distinctes, sinon patch ancien. Diffusion non établie."
kratos,identity,Ory Kratos,26.2.0,1,catalogued,False,not-established,https://github.com/ory/kratos/releases/tag/v26.2.0,"password,email,totp,webauthn,recovery",Go + SQL + frontend,"Échantillon du flux: branches distinctes, sinon patch ancien. Diffusion non établie."
kratos,identity,Ory Kratos,25.4.0,1,catalogued,False,not-established,https://github.com/ory/kratos/releases/tag/v25.4.0,"password,email,totp,webauthn,recovery",Go + SQL + frontend,"Échantillon du flux: branches distinctes, sinon patch ancien. Diffusion non établie."
kratos,identity,Ory Kratos,1.3.1,1,catalogued,False,not-established,https://github.com/ory/kratos/releases/tag/v1.3.1,"password,email,totp,webauthn,recovery",Go + SQL + frontend,"Échantillon du flux: branches distinctes, sinon patch ancien. Diffusion non établie."
lldap,identity,LLDAP,0.6.3,1,catalogued,False,not-established,https://github.com/lldap/lldap/releases/tag/v0.6.3,"password,email,ldap",Rust + SQL,"Échantillon du flux: branches distinctes, sinon patch ancien. Diffusion non établie."
lldap,identity,LLDAP,0.5.0,1,catalogued,False,not-established,https://github.com/lldap/lldap/releases/tag/v0.5.0,"password,email,ldap",Rust + SQL,"Échantillon du flux: branches distinctes, sinon patch ancien. Diffusion non établie."
lldap,identity,LLDAP,0.4.3,1,catalogued,False,not-established,https://github.com/lldap/lldap/releases/tag/v0.4.3,"password,email,ldap",Rust + SQL,"Échantillon du flux: branches distinctes, sinon patch ancien. Diffusion non établie."
lam,identity,LDAP Account Manager,9.7,2,catalogued,False,not-established,https://github.com/LDAPAccountManager/lam/releases/tag/9.7,"password,expiry,ldap",PHP + LDAP,"Échantillon du flux: branches distinctes, sinon patch ancien. Diffusion non établie."
lam,identity,LDAP Account Manager,9.6.1,2,catalogued,False,not-established,https://github.com/LDAPAccountManager/lam/releases/tag/9.6.1,"password,expiry,ldap",PHP + LDAP,"Échantillon du flux: branches distinctes, sinon patch ancien. Diffusion non établie."
lam,identity,LDAP Account Manager,9.5.2,2,catalogued,False,not-established,https://github.com/LDAPAccountManager/lam/releases/tag/9.5.2,"password,expiry,ldap",PHP + LDAP,"Échantillon du flux: branches distinctes, sinon patch ancien. Diffusion non établie."
ssp,identity,Self Service Password,1.8.2,1,catalogued,False,not-established,https://github.com/ltb-project/self-service-password/releases/tag/v1.8.2,"password,email,expiry,ldap",PHP + LDAP,"Échantillon du flux: branches distinctes, sinon patch ancien. Diffusion non établie."
ssp,identity,Self Service Password,1.7.3,1,catalogued,False,not-established,https://github.com/ltb-project/self-service-password/releases/tag/v1.7.3,"password,email,expiry,ldap",PHP + LDAP,"Échantillon du flux: branches distinctes, sinon patch ancien. Diffusion non établie."
ssp,identity,Self Service Password,1.6.1,1,catalogued,False,not-established,https://github.com/ltb-project/self-service-password/releases/tag/v1.6.1,"password,email,expiry,ldap",PHP + LDAP,"Échantillon du flux: branches distinctes, sinon patch ancien. Diffusion non établie."
simplesaml,identity,SimpleSAMLphp,2.5.3.1,2,catalogued,False,not-established,https://github.com/simplesamlphp/simplesamlphp/releases/tag/v2.5.3.1,"password,sso",PHP + identity backend,"Échantillon du flux: branches distinctes, sinon patch ancien. Diffusion non établie."
simplesaml,identity,SimpleSAMLphp,2.4.10,2,catalogued,False,not-established,https://github.com/simplesamlphp/simplesamlphp/releases/tag/v2.4.10,"password,sso",PHP + identity backend,"Échantillon du flux: branches distinctes, sinon patch ancien. Diffusion non établie."
privacyidea,identity,privacyIDEA,3.14,2,catalogued,False,not-established,https://github.com/privacyidea/privacyidea/releases/tag/v3.14,"password,totp,webauthn,recovery",Python + SQL,"Échantillon du flux: branches distinctes, sinon patch ancien. Diffusion non établie."
privacyidea,identity,privacyIDEA,3.13.4,2,catalogued,False,not-established,https://github.com/privacyidea/privacyidea/releases/tag/v3.13.4,"password,totp,webauthn,recovery",Python + SQL,"Échantillon du flux: branches distinctes, sinon patch ancien. Diffusion non établie."
fusionauth,identity,FusionAuth,A_RESoudre,3,unresolved,False,not-established,https://github.com/FusionAuth/fusionauth-issues,"password,email,totp,sso",Java + SQL; license/edition review,"Dépôt de tickets, pas distribution. Recette et fonctionnalités selon licence à examiner."
vaultwarden,security,Vaultwarden,1.37.4,1,catalogued,False,not-established,https://github.com/dani-garcia/vaultwarden/releases/tag/1.37.4,"password,email,totp,webauthn,recovery",Rust + SQL,"Échantillon du flux: branches distinctes, sinon patch ancien. Diffusion non établie."
vaultwarden,security,Vaultwarden,1.36.0,1,catalogued,False,not-established,https://github.com/dani-garcia/vaultwarden/releases/tag/1.36.0,"password,email,totp,webauthn,recovery",Rust + SQL,"Échantillon du flux: branches distinctes, sinon patch ancien. Diffusion non établie."
vaultwarden,security,Vaultwarden,1.35.8,1,catalogued,False,not-established,https://github.com/dani-garcia/vaultwarden/releases/tag/1.35.8,"password,email,totp,webauthn,recovery",Rust + SQL,"Échantillon du flux: branches distinctes, sinon patch ancien. Diffusion non établie."
passbolt,security,Passbolt,5.16.0,2,catalogued,False,not-established,https://github.com/passbolt/passbolt_api/releases/tag/v5.16.0,"password,email,totp,recovery",PHP + SQL + browser extension,"Échantillon du flux: branches distinctes, sinon patch ancien. Diffusion non établie."
passbolt,security,Passbolt,5.15.0,2,catalogued,False,not-established,https://github.com/passbolt/passbolt_api/releases/tag/v5.15.0,"password,email,totp,recovery",PHP + SQL + browser extension,"Échantillon du flux: branches distinctes, sinon patch ancien. Diffusion non établie."
passbolt,security,Passbolt,5.14.3,2,catalogued,False,not-established,https://github.com/passbolt/passbolt_api/releases/tag/v5.14.3,"password,email,totp,recovery",PHP + SQL + browser extension,"Échantillon du flux: branches distinctes, sinon patch ancien. Diffusion non établie."
psono,security,Psono,A_RESoudre,2,unresolved,False,not-established,https://github.com/psono/psono-server,"password,email,totp,recovery",Python + PostgreSQL + frontend,"Échantillon du flux: branches distinctes, sinon patch ancien. Diffusion non établie."
teampass,security,TeamPass,3.2.2.8,2,catalogued,False,not-established,https://github.com/nilsteampassnet/TeamPass/releases/tag/3.2.2.8,"password,email,totp",PHP + MySQL,"Échantillon du flux: branches distinctes, sinon patch ancien. Diffusion non établie."
teampass,security,TeamPass,3.2.1.7,2,catalogued,False,not-established,https://github.com/nilsteampassnet/TeamPass/releases/tag/3.2.1.7,"password,email,totp",PHP + MySQL,"Échantillon du flux: branches distinctes, sinon patch ancien. Diffusion non établie."
grafana,ops,Grafana,13.2.3,1,catalogued,False,not-established,https://github.com/grafana/grafana/releases/tag/v13.2.3,"password,email,sso,token",Go + SQL,"Échantillon du flux: branches distinctes, sinon patch ancien. Diffusion non établie."
grafana,ops,Grafana,13.1.7,1,catalogued,False,not-established,https://github.com/grafana/grafana/releases/tag/v13.1.7,"password,email,sso,token",Go + SQL,"Échantillon du flux: branches distinctes, sinon patch ancien. Diffusion non établie."
grafana,ops,Grafana,12.4.12,1,catalogued,False,not-established,https://github.com/grafana/grafana/releases/tag/v12.4.12,"password,email,sso,token",Go + SQL,"Échantillon du flux: branches distinctes, sinon patch ancien. Diffusion non établie."
zabbix,ops,Zabbix,7.4.15,2,catalogued,False,not-established,https://github.com/zabbix/zabbix/releases/tag/7.4.15,"password,sso,admin",C/PHP + SQL,"Échantillon du flux: branches distinctes, sinon patch ancien. Diffusion non établie."
zabbix,ops,Zabbix,7.0.31,2,catalogued,False,not-established,https://github.com/zabbix/zabbix/releases/tag/7.0.31,"password,sso,admin",C/PHP + SQL,"Échantillon du flux: branches distinctes, sinon patch ancien. Diffusion non établie."
matomo,ops,Matomo,5.14.1,1,catalogued,False,not-established,https://github.com/matomo-org/matomo/releases/tag/5.14.1,"password,email,totp",PHP + MySQL,"Échantillon du flux: branches distinctes, sinon patch ancien. Diffusion non établie."
metabase,ops,Metabase,0.64.1.1,2,catalogued,False,not-established,https://github.com/metabase/metabase/releases/tag/v0.64.1.1,"password,email,sso",Java + SQL,"Échantillon du flux: branches distinctes, sinon patch ancien. Diffusion non établie."
metabase,ops,Metabase,0.63.19.4,2,catalogued,False,not-established,https://github.com/metabase/metabase/releases/tag/v0.63.19.4,"password,email,sso",Java + SQL,"Échantillon du flux: branches distinctes, sinon patch ancien. Diffusion non établie."
superset,ops,Apache Superset,A_RESoudre,2,unresolved,False,not-established,https://github.com/apache/superset,"password,sso,admin",Python + SQL + Redis,Le flux récent ne contient que des charts Helm. Une version de chart ne vaut pas version applicative.
portainer,ops,Portainer CE,2.45.2,3,catalogued,False,not-established,https://github.com/portainer/portainer/releases/tag/2.45.2,"password,sso,admin",Go + container API,"Échantillon du flux: branches distinctes, sinon patch ancien. Diffusion non établie."
portainer,ops,Portainer CE,2.44.0,3,catalogued,False,not-established,https://github.com/portainer/portainer/releases/tag/2.44.0,"password,sso,admin",Go + container API,"Échantillon du flux: branches distinctes, sinon patch ancien. Diffusion non établie."
portainer,ops,Portainer CE,2.43.0,3,catalogued,False,not-established,https://github.com/portainer/portainer/releases/tag/2.43.0,"password,sso,admin",Go + container API,"Échantillon du flux: branches distinctes, sinon patch ancien. Diffusion non établie."
uptime-kuma,ops,Uptime Kuma,2.5.5,1,catalogued,False,not-established,https://github.com/louislam/uptime-kuma/releases/tag/2.5.5,"password,totp",Node + SQL,"Échantillon du flux: branches distinctes, sinon patch ancien. Diffusion non établie."
uptime-kuma,ops,Uptime Kuma,2.4.0,1,catalogued,False,not-established,https://github.com/louislam/uptime-kuma/releases/tag/2.4.0,"password,totp",Node + SQL,"Échantillon du flux: branches distinctes, sinon patch ancien. Diffusion non établie."
uptime-kuma,ops,Uptime Kuma,2.3.2,1,catalogued,False,not-established,https://github.com/louislam/uptime-kuma/releases/tag/2.3.2,"password,totp",Node + SQL,"Échantillon du flux: branches distinctes, sinon patch ancien. Diffusion non établie."
n8n,ops,n8n,2.43.2,2,catalogued,False,not-established,https://github.com/n8n-io/n8n/releases/tag/n8n%402.43.2,"password,email,totp",Node + SQL; license review,"Échantillon du flux: branches distinctes, sinon patch ancien. Diffusion non établie."
n8n,ops,n8n,2.42.5,2,catalogued,False,not-established,https://github.com/n8n-io/n8n/releases/tag/n8n%402.42.5,"password,email,totp",Node + SQL; license review,"Échantillon du flux: branches distinctes, sinon patch ancien. Diffusion non établie."
n8n,ops,n8n,1.123.84,2,catalogued,False,not-established,https://github.com/n8n-io/n8n/releases/tag/n8n%401.123.84,"password,email,totp",Node + SQL; license review,"Échantillon du flux: branches distinctes, sinon patch ancien. Diffusion non établie."
gitea-act,ops,"act (auxiliaire CI, pas serveur web)",0.2.89,3,catalogued,False,not-established,https://github.com/nektos/act/releases/tag/v0.2.89,infrastructure,Container execution,"Échantillon du flux: branches distinctes, sinon patch ancien. Diffusion non établie."
gitea-act,ops,"act (auxiliaire CI, pas serveur web)",0.2.80,3,catalogued,False,not-established,https://github.com/nektos/act/releases/tag/v0.2.80,infrastructure,Container execution,"Échantillon du flux: branches distinctes, sinon patch ancien. Diffusion non établie."
roundcube,mail,Roundcube,1.7.4,1,catalogued,False,not-established,https://github.com/roundcube/roundcubemail/releases/tag/1.7.4,"password,plugin,imap",PHP + SQL + IMAP + password plugin,"Échantillon du flux: branches distinctes, sinon patch ancien. Diffusion non établie."
roundcube,mail,Roundcube,1.6.19,1,catalogued,False,not-established,https://github.com/roundcube/roundcubemail/releases/tag/1.6.19,"password,plugin,imap",PHP + SQL + IMAP + password plugin,"Échantillon du flux: branches distinctes, sinon patch ancien. Diffusion non établie."
snappymail,mail,SnappyMail,2.38.2,1,catalogued,False,not-established,https://github.com/the-djmaze/snappymail/releases/tag/v2.38.2,"password,plugin,imap",PHP + IMAP + password backend,"Échantillon du flux: branches distinctes, sinon patch ancien. Diffusion non établie."
snappymail,mail,SnappyMail,2.37.3,1,catalogued,False,not-established,https://github.com/the-djmaze/snappymail/releases/tag/v2.37.3,"password,plugin,imap",PHP + IMAP + password backend,"Échantillon du flux: branches distinctes, sinon patch ancien. Diffusion non établie."
snappymail,mail,SnappyMail,2.36.4,1,catalogued,False,not-established,https://github.com/the-djmaze/snappymail/releases/tag/v2.36.4,"password,plugin,imap",PHP + IMAP + password backend,"Échantillon du flux: branches distinctes, sinon patch ancien. Diffusion non établie."
sogo,mail,SOGo,5.12.11,2,catalogued,False,not-established,https://github.com/Alinto/sogo/releases/tag/SOGo-5.12.11,"password,ldap,imap",Objective-C + SQL + IMAP/LDAP,"Échantillon du flux: branches distinctes, sinon patch ancien. Diffusion non établie."
sogo,mail,SOGo,5.12.2,2,catalogued,False,not-established,https://github.com/Alinto/sogo/releases/tag/SOGo-5.12.2,"password,ldap,imap",Objective-C + SQL + IMAP/LDAP,"Échantillon du flux: branches distinctes, sinon patch ancien. Diffusion non établie."
mailpit,lab,Mailpit,1.31.4,1,catalogued,False,not-established,https://github.com/axllent/mailpit/releases/tag/v1.31.4,"infrastructure,email",Go,"Échantillon du flux: branches distinctes, sinon patch ancien. Diffusion non établie."
mailpit,lab,Mailpit,1.30.7,1,catalogued,False,not-established,https://github.com/axllent/mailpit/releases/tag/v1.30.7,"infrastructure,email",Go,"Échantillon du flux: branches distinctes, sinon patch ancien. Diffusion non établie."
greenmail,lab,GreenMail,2.1.14,1,catalogued,False,not-established,https://github.com/greenmail-mail-test/greenmail/releases/tag/release-2.1.14,"infrastructure,email,imap",Java,"Échantillon du flux: branches distinctes, sinon patch ancien. Diffusion non établie."
greenmail,lab,GreenMail,2.1.5,1,catalogued,False,not-established,https://github.com/greenmail-mail-test/greenmail/releases/tag/release-2.1.5,"infrastructure,email,imap",Java,"Échantillon du flux: branches distinctes, sinon patch ancien. Diffusion non établie."
wiremock,lab,WireMock,A_RESoudre,1,unresolved,False,not-established,https://github.com/wiremock/wiremock,"infrastructure,faults",Java,"Échantillon du flux: branches distinctes, sinon patch ancien. Diffusion non établie."
toxiproxy,lab,Toxiproxy,2.12.0,1,catalogued,False,not-established,https://github.com/Shopify/toxiproxy/releases/tag/v2.12.0,"infrastructure,faults",Go,"Échantillon du flux: branches distinctes, sinon patch ancien. Diffusion non établie."
toxiproxy,lab,Toxiproxy,2.11.0,1,catalogued,False,not-established,https://github.com/Shopify/toxiproxy/releases/tag/v2.11.0,"infrastructure,faults",Go,"Échantillon du flux: branches distinctes, sinon patch ancien. Diffusion non établie."
toxiproxy,lab,Toxiproxy,2.10.0,1,catalogued,False,not-established,https://github.com/Shopify/toxiproxy/releases/tag/v2.10.0,"infrastructure,faults",Go,"Échantillon du flux: branches distinctes, sinon patch ancien. Diffusion non établie."
boulder,lab,Pebble ACME,2.10.1,2,catalogued,False,not-established,https://github.com/letsencrypt/pebble/releases/tag/v2.10.1,"infrastructure,tls",Go,"Échantillon du flux: branches distinctes, sinon patch ancien. Diffusion non établie."
boulder,lab,Pebble ACME,2.9.0,2,catalogued,False,not-established,https://github.com/letsencrypt/pebble/releases/tag/v2.9.0,"infrastructure,tls",Go,"Échantillon du flux: branches distinctes, sinon patch ancien. Diffusion non établie."
boulder,lab,Pebble ACME,2.8.0,2,catalogued,False,not-established,https://github.com/letsencrypt/pebble/releases/tag/v2.8.0,"infrastructure,tls",Go,"Échantillon du flux: branches distinctes, sinon patch ancien. Diffusion non établie."
playwright,lab,Playwright,1.64.0,1,catalogued,False,not-established,https://github.com/microsoft/playwright/releases/tag/v1.64.0,"infrastructure,webauthn",Node + browsers,"Échantillon du flux: branches distinctes, sinon patch ancien. Diffusion non établie."
playwright,lab,Playwright,1.63.0,1,catalogued,False,not-established,https://github.com/microsoft/playwright/releases/tag/v1.63.0,"infrastructure,webauthn",Node + browsers,"Échantillon du flux: branches distinctes, sinon patch ancien. Diffusion non établie."
playwright,lab,Playwright,1.62.1,1,catalogued,False,not-established,https://github.com/microsoft/playwright/releases/tag/v1.62.1,"infrastructure,webauthn",Node + browsers,"Échantillon du flux: branches distinctes, sinon patch ancien. Diffusion non établie."
